Material;Texto breve material;Utilização livre
14201;BROCA ACO RAPIDO              2,5mm;9
17644;LIXA P/ FERRO N-80 UN;9
17648;LIXA P/ FERRO N-100 UN;7
58231;PORCA ESPECIAL M20X2,5     40068150;50
80538;MANGUEIRA VINIL SPT 450lb 1/2;250
80567;ABRACADEIRA 9MM           1/2 A 3/4;9
81625;CAMARA DE AR P/CARR MAO 3.5X4.00-8;4
83970;BROCA DE VIDEA P/CONCRETO       6mm;2
83979;BROCA DE VIDEA P/CONCRETO     6,5mm;10
84004;BROCA DE VIDEA P/CONCRETO       9mm;10
84008;BROCA DE VIDEA P/CONCRETO     9,5mm;10
84017;BROCA DE VIDEA P/CONCRETO      10mm;3
84030;BROCA DE VIDEA P/CONCRETO      12mm;7
84034;BROCA DE VIDEA P/CONCRETO      13mm;8
92869;MANGUEIRA P/ESGUICHO 1/2;250
115131;CORRENTE  ASA 40/2 DUPLA              40;18,500
115416;EMENDA ASA 40/2 DUPLA            40;12
120812;BROCA ACO RAPIDO                4MM;2
120825;BROCA ACO RAPIDO              5,5mm;10
120838;BROCA ACO RAPIDO                6MM;2
120841;BROCA ACO RAPIDO              6,5MM;9
120854;BROCA ACO RAPIDO              7,0mm;10
120867;BROCA ACO RAPIDO              7,5mm;10
120870;BROCA ACO RAPIDO              8,5MM;7
120883;BROCA ACO RAPIDO                9mm;8
120896;BROCA ACO RAPIDO              9,5mm;9
120906;BROCA ACO RAPIDO               10MM;1
120922;BROCA ACO RAPIDO                8MM;4
120948;BROCA ACO RAPIDO                5MM;4
120993;BROCA ACO RAPIDO               11MM;10
121015;BROCA ACO RAPIDO            12,00mm;9
121031;BROCA ACO RAPIDO               13mm;8
121057;BROCA ACO RAPIDO               14MM;11
121073;BROCA ACO RAPIDO              3,5MM;10
121086;BROCA ACO RAPIDO              4,5MM;9
126874;PARAFUSO SEXT 12X70       818712070;100
130747;BROCA ACO RAPIDO                3MM;5
131181;ALICATE P/ANEIS EXT CURVO 7P 44011/107;6
132969;CHAVE HEXAG. ALLEN 19MM   44400/019;6
180140;DETERGENTE  LM BASE ACIDA CONCENT    5LT;3
288864;GAS LIQUEFEITO DE PETROLEO-GLP      P-20;7
351238;ROLAMENTO  6214;10
352365;CABO DE ALUMINIO;3
354037;FILTRO DE AR M0280230 SAUR;3
354072;"TARUGO DE BRONZE          1""X1000MM";2
354844;"ELETRODUTO GALV A FOGO PESADO 1""";12
354860;"ELETRODUTO GALV FOGO PESADO 1.1/2""";2
359740;TARUGO DE NYLON                40MM;1
359741;TARUGO DE NYLON                50MM;2
359800;TARUGO DE NYLON               100MM;2
359840;TARUGO DE NYLON               140MM;2
359847;TARUGO DE NYLON               170MM;2
359850;TARUGO DE NYLON               200MM;2
361419;DISJ MOTOR 9-12A 3RV1011 1KA10 SIEMENS;2
363682;SERRA COPO D/ACO RAPIDO        22MM;1
363776;"BARRA ROSCADA ZINCADA                 1""";5
366809;"CONECTOR PRENSA CABO NYLON 3/8"" STECK";30
368069;ESPAGUETE TERMO-RETRATIL PRETO  5MM;20
370808;PLUGUE 3P + T 32A 6H VERMELHO N-4276;1
370879;BROCA ACO RAPIDO                 16,00MM;7
370882;BROCA ACO RAPIDO                 18,00MM;6
370935;"PINCEL                                1""";7
371155;GRAXA STABUTHERM                  GH 461;6
371166;"CONEXAO MACHO BSPT              1/8""X8MM";4
372632;VALVULA DE ALIVIO M0460158          SAUR;1
374421;CIMENTO                          SC/25KG;1
376158;TOMADA 3P+T 32A 6H VERMELHA SN-4246;32
376352;HIPOCLORITO DE SODIO            10 - 12%;464,000
376570;PLUGUE 2P +T 16A  AZUL IP67  S-3076W STE;29
380749;"DISCO DE CORTE P/INOX 7""            5050";87
381910;RETENTOR  38X52,25X7MM         2506;10
383963;SACO P/AMOSTRA CEREAIS 18X30X0,14MI;29.000
385408;PINCEL RETROPROJ AZUL PILOT 2,0MM;59
385847;RETENTOR AS  40X55X7MM          NBR;6
385893;GRAMPEADOR 26/6 CIS C-15;59
386025;PINCEL RETROPROJ - AZUL PILOT 1,0MM;60
386678;PARAFUSO LENTILHA 3/8X3/4;100
387286;CONECTOR SAK 4MM CINZA 8WH1000-0AG00;15
387312;DISJUNTOR MONO 16A 5SX1 116-7C SIEMENS;11
387325;FITA AUTOFUSAO 10M;28
388269;MARRETA DE BORRACHA            80MM;3
389789;ADESIVO JUNTA LOCTITE 574  9889876   SEW;25
396191;PINO TUB. ILHOS HES10400 4.0MM ISOLADO;300
396192;PINO TUB. ILHOS HES12250 2.5MM ISOLADO;600
400862;TARUGO DE BRONZE             1/2POL;2
403979;FITA PLASTICA ZEBRADA AMARELO/PRETO;157
406169;ESPIGAO P/MANGUEIRA;23
407280;MANGUEIRA DE POLIURETANO-AZUL  10MM;50
407281;MANGUEIRA DE POLIURETANO-AZUL  12MM;20
407970;VALVULA ESFERA TI-304        3/4POL;1
408160;CONTATOR 3RH11 22-1AN10 SIEMENS;3
409168;SELANTE PU SIKAFLEX 221 CINZA 300ML;13
409371;PARAFUSO ROSCA SOBERBA INOX 8X50;46
409397;REBITE DE ALUMINIO         3/16X3/8;1
410140;PARAFUSO SEXT ACO INOX      12X70MM;100
410195;VALVULA ESFERA TRIPARTIDA 1/2POL;11
411418;RESPIRADOR FACE INTEIRA 3M 6800 CA7298;8
411631;"ABRACADEIRA ACO GALV TIPO-D           1""";22
411768;BARRA ROSCADA ZINCADA                3/8;5
411908;SACO P/LIXO - AZUL          CAP:15L;50
411909;SACO P/LIXO - CINZA         CAP:15L;50
411912;SACO P/LIXO - VERMELHO      CAP:15L;50
411945;"CONDULETE ALUMINIO - E 3/4""  TAMPA/ROSCA";15
411990;"CONDULETE ALUMINIO-LB 3/4"" TAMPA/ROSA";20
412025;"CONDULETE DE ALUMINIO - LL 1""";15
412339;PRENSA - CABOS DE NYLON 1/2POL;17
412342;PRENSA - CABOS DE NYLON 3/4POL;18
412449;BUCHA DE NYLON S-08                  8MM;30
412656;"CONDULETE DE ALUMINIO - LR 1""";14
412708;"ESPELHO DE ALUMINIO 1/2""-3/4""";13
412737;"CONDULETE DE ALUMINIO - T 1""";15
413079;ACOPLAMENTO;20
413100;"SAPATILHA CABO ACO                  3/8""";10
416102;ALICATE P/SOLDA                     400A;2
417169;RODO SUPORTE LT - PEGA FIBRA;3
420431;"PORCA ACO INOX SEXTAVADA 1/4""";180
420457;"PORCA DE ACO INOX 3/8""";200
421977;"CONDULETE ALUMINIO-LL 3/4"" TAMPA/ROSCA";26
422442;RETENTOR  80X100X10MM BR 00610 SABO;1
424534;DISJ MOTOR 5,5-8A 3RV10 11 SIEMENS;3
424660;ELETRODO DE INOX        6130X2,50MM;5,000
425107;CONTATOR 3RT20 37 1AN20 65A 220V SIEMENS;2
425122;ACOPLAMENTO EXT4P 32A IP67 S-4256W 6H;19
425151;TOMADA 3P 16A 6H AZUL S-3006;20
428145;REBITE DE ALUMINIO  3/16X11/16;1
429335;FUSIVEL DE VIDRO 1A - 20MM;80
429348;FUSIVEL DE VIDRO 2A - 20MM;79
429364;FUSIVEL DE VIDRO 6A - 20MM;29
430971;"BARRA ROSCADA ZINCADA               3/4""";5
431491;"ESPAGUETE TERMO-RETRATIL 19MM=3/4""";14
433321;OLEO MOBILGEAR LUBRIF 600XP 460   MOBIL;1
433334;OLEO MOBILGEAR LUBRIF 600XP 680   MOBIL;3
433966;ABRACADEIRA              DE FERRO OU ACO;2
434168;"CLIP P/CABO DE ACO                  3/8""";30
437479;CURVA ACO INOX-304 SCH-10        90° 1/2;8
440204;"BARRA ACO INOX-ROSCADA              1/2""";5
440288;DISJUNTOR MOTOR 2,8-4A 3RV2011-1EA10;3
441915;PENTE ROSCA;3
442069;ESCOVA DE ACO;1
443230;TOMADA 2P+T 16A 6H AZUL SN-3006;12
446353;FLUIDO CORTE QUIMATIC 1AF1 500ML TAPMATI;7
446606;PARAFUSO ROSCA SOBERBA INOX 5.5X65;199
447443;MANGUEIRA DE POLIURETANO-AZUL   8MM;149
450582;DISJUNTOR MONO 20A 5SX1120-7C SIEMENS;7
451462;CILINDRO C0900327/290+30            SAUR;1
452043;TOMADA MOVEL N4256 380/440V3P+T32A 6H;13
454915;ELETRODO DE FERRO            7018X2,50MM;34,000
474886;TERMINAL TUBULAR SIMPLES 6,00MM2;200
475255;"ARRUELA LISA ZINCADA                3/8""";25
480012;BARRA ACO INOX-ROSCADA               8MM;5
480030;BARRA ACO INOX-ROSCADA              10MM;3
540312;OLEO MOBIL GEAR 600 XP 220           20L;10
540741;OLEO SHELL TELLUS S2 M 68   209L;3
540997;OLEO MOBIL HIDRAULICO AW 68    200L;2
860609;ROLO DE LA  - MINI P/ PINTURA;6
950465;TRILHO DE FIXACAO;2
950629;LOUSA/QUADRO EM FORMICA BRANCA;1
953395;CILINDRO DE GAS;1
954126;GANCHO P/PERFILADO;3
954131;ENGATE RAPIDO;26
956033;SABONETEIRA EM ACO INOX C/FECHADURA;2
956055;PNEU P/CARRINHO DE MAO;4
1001159;ADESIVO PUBLICIDADE;30
1001314;TERMINAL ILHOS TUB SIMPLES 1,5MM PRETO;500
1002031;CADEADO DE PLASTICO PRETO - BRADY;50
1003008;FITA ISOLANTE 19X20MM SCOTCH 33+ 3M;54
1003107;ESTICADOR P/ CABO DE ACO 3/8;10
1003641;ROLO DE PINTURA 23 CM;2
1004241;"TAMPA P/COND.ALUM. 1/2"" 3/4"" P/01 RJ45";9
1004301;THINNER GOL 7300 900ML;6
1006783;TARUGO BRONZE 1.1/4 POL;2
1007893;PARABOLT SEXT 1/2 x 3 POL;50
1008501;"ARRUELA DE ALUMINIO 1""";200
1008672;TINTA SPRAY AZUL 400ML;8
1008674;TINTA SPRAY  PRETO FOSCO   400ML;5
1009323;JUNTA QUIMFLEX PTFE 20X7MMX10M 24B TEADI;1
1009324;JUNTA QUIMFLEX PTFE 17x6,00 mm 10 m 24B;2
1009325;JUNTA QUIMFLEX PTFE 25x10,00 mm 10 m 24B;2
1009389;CORRENTE ASA 60/1 REX;193,500
1009987;ARRUELA LISA 1/4 ZINCADA;58
1010016;PLUG FEMEA 2P+T 10A;4
1010017;PLUG MACHO 2P+T 10A;13
1010022;ELETRODUTO GAL A FOGO PESADO 3/4   3M;7
1010026;ABRACADEIRA D 3/4 COM PARAFUSO;7
1010182;BICO ESGUICHO REG. 4,6MM AZUL HIDROMAR;1
1010359;PERFILADO 38X38MM X 6M GALV FOGO PESADO;2
1010711;EMENDA ASA 60/1;12
1011350;TERMINAL ILHOS SIMPLES 2,50MM;200
1011787;ABRACADEIRA NYLON 140X3,6MM;100
1011794;"CANTONEIRA 1.1/2""X1.1/2""X1/8"" 6M";10
1011801;SELANTE POLIURETANO PU44 CINZA 310 ML;9
1011933;ELEMENTO INTERLIGACAO 3RV C/ 3RT;11
1012245;SACO RAFIA 60X95 RACAO E CONC. 25KG;5.216
1012519;"TARUGO BRONZE  3"" (76,20MM)";2
1012615;"TARUGO BRONZE 5/8""";2
1012905;PARAFUSO LENTILHA 1/4 X 3/4;88
1012949;TERMINAL TIPO ILHOS 25,0MM;50
1012961;TERMINAL TIPO ILHOS 35,0MM;50
1012962;TERMINAL TIPO ILHOS 6,0MM;100
1013563;"ADAPTADOR MACHO 1/2""X1/2""NPT";26
1014595;TERMINAL ILHOS SIMPLES 1,00MM VERMELHO;100
1015191;ELETRODO DE FERRO            7018X 4,0MM;50,000
1015192;ELETRODO DE FERRO            6013X2,00MM;15,000
1015426;CAMISA CRAVAR R1/R2 1/2;22
1015606;EMENDA INT TIPO I PERF 38X38MM GALV A FG;3
1015805;"TARUGO BRONZE 1.3/8""";1
1015851;"TARUGO ALUMINIO 2.1/2""";2,000
1016689;TERMINAL ILHOS 0,75MM;200
1017140;PLUG 3P+T 63A 380/440V;5
1017313;LIMPA CONTATO ELETRICO RADNAQ 300ML;16
1018221;VALVULA DOSADORA COMP P/ SABONETEIRA;3
1019093;GRAXA XHP-222 BLD/20L       MOBILLGREASE;40
1019240;LIXA P/ FERRO NR:40;8
1022921;PLUG MACHO 2P+T 20A;19
1023050;TERMINAL OLHAL 6,00MM 6M;200
1023106;TERMINAL OLHAL 2,6MM M6;200
1023131;TINTA ESMALTE IND AMARELO SEG NATUCOR;8
1023219;CANTONEIRA 1.1/4X1.1/4X1/4 6M;8
1023279;TERMINAL TIPO ILHOS 10-12MM;100
1023404;CHAPA GROSSA ACO CARBONO 1/2X1200X3000;1
1024334;LUVA FEMEA 1/8 X 1/8 NPT;20
1024835;"FERRO REDONDO TREFILADO 1045 2"" 50,80MM";2
1024908;LAMINA SERRA MAN DUPLA 24D IW47506 IRWIN;5
1025356;PLUG 3P T 32A 380V 6H SN-4276 NEG STECK;11
1025457;TERMINAL OLHAL ISOLADO 35MM;50
1025468;TERMINAL OLHAL ISOLADO 16MM;92
1025469;TERMINAL OLHAL ISOLADO 2,5MM;300
1025471;TERMINAL OLHAL  ISOLADO 04MM;100
1025478;TERMINAL OLHAL ISOLADO 50MM;50
1025480;TERMINAL OLHAL ISOLADO 25MM;50
1026049;QUADRO MULTIPLAST 400X300X200MM OPACA;8
1026539;GRAXA KLUBERTEMP GR AR 555 KLUBER 800GR;1
1027563;DISCO DE DESBASTE  115 MM 4. 1/2 P/ ACAB;17
1027607;GRAMPO 106/6CM 056340             ROCAMA;99
1028045;"BARRA ACO INOX-ROSCADA             5/16""";5
1028783;ELETROCALHA ARAMADA 100 X 50MM  D4,50;5
1029218;FUNIL RETO 170 METAL;6
1029941;ABRACADEIRA NYLON 200MMX3,5MM;600
1029942;ABRACADEIRA NYLON 300MMX4,5M;260
1030184;MANGUEIRA TRANCADA 3/4;100
1032338;"TARUGO BRONZE GRAFITADO 7/8""";2
1034986;OLEO MOBIL DTE 10 EXCELL 46 20L;6
1035587;SEMAFORO SLIM 37 LED BIV 2 CORES INCOTEL;1
1036996;"CANTONEIRA 2""x1/8"" LAMINADA";12
1038271;"CANTONEIRA 2""X1/4X3000MM 6M";2
1038380;CHAPA ACO CARBONO 14  2,0MM 3000X1200MM;2
1038746;ESTILETE TRAPE. RETRATIL 10-175  STANLEY;3
1039125;"TARUGO BRONZE 1.3/4""";2
1039854;PLUGUE UNIVERSAL 20A - FEMEA;20
1040093;TERMINAL ILHOS H16/24 16MM AZUL  CONEXEL;100
1040122;"FERRO REDONDO TREFILADO 1045 3"" 76,20MM";2
1042117;"FERRO REDONDO TREFILADO 1045 1"" 25,40MM";2
1044202;"PINCEL PARA PINTURA 2.1/2""         319/6";10
1044211;TINTA ESM BR VERMELHO 3,6L 1A1  53382115;2
1044270;"PINCEL PARA PINTURA 1/2""           396/1";12
1044275;"PINCEL PARA PINTURA  2.1/2""        396/6";20
1044324;BANDEJA P/PINTURA PLAST PT 1,3L   1415P;1
1044348;PAINEL OPERACAO 6SL32550AA004CA1 SIEMENS;5
1044966;FILTRO DE SUCCAO M0281742 SAUR;3
1048675;CANTONEIRA ACO CARBONO 1X3/16;9
1048867;APLICADOR MANUAL APL380 380 ML ANCORA;3
1050339;ACOPLAMENTO AT-105               ANTARES;3
1051144;TERMINAL ILHOS SIMPLES 0,50MM TI-0,5-8;200
1054048;FONTE ALIMEN SITOP 6EP1336-3BA10 SIEMENS;2
1054353;MOLA AEREA PRETA A-530F2 SOPRANO;10
1055378;FONTE ALIMEN.SITOP 24VDC 2,5A 100/240VAC;3
1057164;CORREIA DENT DUPLA UXN-64550-021 BUHLER;2
1057608;ETIQUETA DE BLOQUEIO ET1SF;1.030
1060124;CJ ACOPLAMENTO FLEXIVEL AT-70 ANTARES;2
1060125;CJ ACOPLAMENTO FLEXIVEL AT-90-BP ANTARES;5
1061408;"BARRA ROSCADA ZINCADA               5/8""";5
1061532;VENTILADOR AXIAL S4D450AO1402 450MM;1
1063219;CONEXAO REDUCAO 10X8MM KQ2H08-10A SMC;10
1063249;TRAVA QUEDAS RETRATIL ACO GALV CABO 10M;1
1063438;ROLAMENTO DE ROLOS UXN-56010-058  BUHLER;1
1064340;ADESIVO LOCTITE 601 50ML;12
1067153;PORTA PAPEL HIGIENICO ROLAO 300M SMART;6
1067554;ELETRODO DE FERRO         6013 X 3,25 MM;25,000
1069117;GRAXA KLUBERFOOD     NH1 94-402   180 KG;3
1069575;LANTERNA RAYOVAC SUPER LED BIG        UN;17
1074398;ABRACADEIRA PLASTICA PRETA   536X13,70MM;10
1074933;LIXA D AGUA 3M G-400;1
1075172;OLEO ULTRA COOLANT 8000 HS INGERSOLL 18.;2
1076468;"DISCO DE CORTE 5"" 1.0 - 1.2MM";296
1076469;"DISCO FLAP 4.1/2"" GRAO 40";54
1076470;"DISCO FLAP 4.1/2"" GRAO 60";25
1076472;"DISCO FLAP 4.1/2"" GRAO 120";9
1077545;KIT ABRACADEIRA 3M 14MM SUPRENS;1
1077912;PARABOLT SEXT 1/2 x 4 POL;50
1079218;DISJUNTOR MOTOR 2,2-3,2A 3RV2011-1DA10;2
1079219;DISJ MOTOR 3RV2021 4DA10 18-25A SIEMENS;1
1079278;ARRUELA UNN-14023-029             BUHLER;2
1080627;ACOPLAMENTO FLEXIVEL AT-50 ANTARES;6
1081529;VALVULA ESFERA MONOBL LATAO 1/2;1
1082719;DISJUNTOR BIFASICO 5SL1206-7MB 6A SIEMEN;3
1085291;"TAMPA P/COND.ALU. 1/2"" 3/4"" P/02 TEC.SIM";8
1089019;"TAMPA P/CONDULETE ALUMINIO 3/4"" P/02";8
1090233;"JOGO SOQUETE SEXT 8A32""        44831/422";6
1090543;CONTATOR 3RT2027-1AN20 32A SIEMENS;2
1090549;DISJUNTOR MONO 10A 5SL1110-7MB SIEMENS;9
1090551;DISJUNTOR MONO 6A 5SL1106-7MB SIEMENS;2
1091110;TOMADA SOBREPOR N4206 380/440V3P+T32A 6H;17
1092630;TOMADA E.2P+T 16A220V 6H AZ IP67 N-3046W;19
1092964;CONTATOR 3RT2016-1AN21 9A SIEMENS;5
1094899;BROCA ACO RAPIDO HSS A-100 14M DORMER;5
1096917;"PAQUIMETRO DIGITAL 150MM/6""     MITUTOYO";1
1097986;REBITE ALUMINIO 3.2X10MM;67
1104144;PORTA EQP 3 BLOCOS B DT-64444.10 DUTOTEC;10
1104149;BLOCO PEZZI CEGO B DX 99200.00   DUTOTEC;5
1104211;CANALETA DUPLO C DT1224000 103530 DUTOTE;2
1104522;DISJUNTOR MOTOR 7-10A 3RV2011-1JA10 SIEM;3
1104801;TERMINAL ILHOS DUPLO 6MM AMAR COMP14;300
1106039;DESENGRIPANTE SPRAY WURTH W-MAX 300ML;20
1106422;BORNE RELE LZSRT4A4L24 2NA 24VCC SIEMENS;10
1106768;CURVA HORZ.90° DT3514000 104439  DUTOTEC;3
1107944;DISJUNTOR MOTOR 3RV2021-1EA10    SIEMENS;4
1111320;CONEXAO RAPIDA RETA QS-1/8-6MM;20
1112385;MANGA DE FILTRO UXS-29024-005     BUHLER;61
1112521;BUCHA H3132;1
1116462;PILHA DURACEL ALC PAL AAA   UN;134
1117731;BLOCO AUX 2NA+2NF 3RH2911-1HA22 SIEMENS;2
1118134;PILHA DURACELL ALC PAL AA   UN;124
1118855;JUNTA QUIMFLEX 5x2,00MMx25M 24B TEADIT;2
1120695;TERMINAL OLHAL 4MM AZ 9200170000 CONEXEL;200
1120700;TERMINAL OLHAL 10MM 9200270000   CONEXEL;80
1125063;PLUGUE MACHO 2P 20A BRANCO 57402/107;3
1125353;ROLAMENTO 6309 ZZ C3;10
1125430;CONTATOR 3RT2018-1AN21 16A 220VCA SIEMEN;8
1126996;CONTATO AUX 1NA+1NF 3RV29011E    SIEMENS;5
1127896;DISJUNTOR MINI 3P 25A 5SL13257MB SIEMENS;8
1127898;DISJUNTOR MINI 3P 40A 5SL13407MB SIEMENS;5
1127900;DISJUNTOR MINI 3P 63A 5SL13637MB SIEMENS;8
1129443;SCALANCE XB008 6GK5008-0BA10-1AB2 SIEMEN;2
1129502;CONECTOR ETHERNET 6GK1901-1BB10-2AA0;15
1135876;VALVULA CARTUCHO SV2 20 M0460378 SAUR;2
1136700;PISTOLA DE AR VMG11BU-02-03 SMC;18
1137846;LOGO 6ED1052-1MD08-0BA1          SIEMENS;2
1139436;DISJUNTOR 3RV2011-1CA10 2,5A SIEMENS;7
1140806;GRAXA KLUBERFOOD NH1 71-571 SAM 180KG;1
1141149;"CONEXAO RETA JIC 1/2""X3/4""";19
1143574;LIMA CHATA 8 CABO HO-08990 NICHOLSON;4
1144115;FONTE SITOP 20A 6EP1336-2BA10 SEIMENS;4
1146118;"VIGA-U ACO CARB.LAMINADA 76,20X4,32MM 3""";3,000
1148394;ANEL DE FELTRO UNN-44001-016 BUHLER;12
1150261;VALVULA DIRECIONAL D1VW002CNJW PARKER;1
1150271;"TALHADEIRA 12"" COM EMPUNHADURA 44473/930";6
1151029;ACOPLAMENTO FLEX AT-35 ANTARES;2
1151960;HASTE LAAA-10034-001 BUHLER;16
1152925;KIT ELASTICO H/HR 357 UK ANTARES;1
1154778;DISJUNTOR MOTOR PARF.3RV20314W10 42-52A;1
1156060;DESENGORDURANTE MASTERCLEAN HP-1 BD 20L;59
1157883;MOLA 1.5X18.5X70X33 DDK-05593-020 BUHLER;2
1159518;PRENSA CABO INOX M20 IDS021041 SENSORVIL;30
1160809;GRAXA KLUBERSYNTH UH1 14-151;3
1162531;SENSOR VEGAPULS PS6X2229H4 VEGA;2
1162665;BOLSA FILTRO        F57;2
1162666;CANETA MARCADORA   F06;2
1162852;CADEADO PLASTICO SEGREDO 1.5 AZ 99556PM;16
1165671;OLEO SHELL OMALA S2 G320 209L;2
1166627;LUMINARIA LED HERM DAMP PROOF 58W;10
1166980;CONECTOR DE EMENDA 05 POLOS;29
1167501;PROJETOR LED SLIM TGVP 150W  TELBRA;9
1169621;VALVULA DE VENTAGEM M0460187 SAUR;1
1169737;CADEADO PADO LT-35MM SEG S1 VERMELHO;99
1169943;VALVULA CARTUCHO AD C16-2 M0460160 SAUR;1
1169944;VALVULA DIRECIONAL D1VW001CNJW PARKER;1
1169945;VALVULA DIRECIONAL D1VW004CNJW PARKER;1
1169948;BOMBA HIDRAULICA M0500167 PARKER;1
1171597;JG CHAV EXA LON 9 PE TRAMONTINA 44421209;6
1171630;CADEADO DE PLAS.SEG.VERM 99552PM   BRADY;19
1171631;CADEADO DE PLAS.SEG.AMAR 99570PM   BRADY;20
1172422;"TORQUES P/ FERRADOR 12"" WALMUR";6
1172916;"VISOR DE NIVEL 3D 1/4"" NPT";4
1172917;"VISOR DE NIVEL 3D 1/2"" NPT";10
1173596;ADESIVO LOCTITE INSTANTANEO 495 20GR;19
1174947;LUMINARIA HIGH BAY VALUE 83W LEDVANCE;10
1174948;LUMINARIA PANEL PFM 36W 4000K LEDVANCE;5
1176111;VASSOURA LATERAL BOBCAT;2
1176239;CONECTOR 2P 0,08A4,0MM 32A-221-412 WAGO;16
1176408;ACOPLAMENTO HR 367  HYTREL ANTARES;1
1176409;KIT ELASTICO H/HR 367 UK ANTARES;2
1176410;ACOPLAMENTO HR 307  HYTREL ANTARES;1
1176411;KIT ELASTICO H/HR 307 UK ANTARES;1
1176412;ACOPLAMENTO HR 357  HYTREL ANTARES;1
1176443;LIXA D AGUA 600;4
1176468;LIXA D AGUA 2000;5
1176658;SWITCH SCALANCE 6GK52062BB002AC2 SIEMENS;1
1176698;INVERSOR 6SL3210-1PE23-8UL0 38A SIEMENS;1
1176699;INVERSOR 6SL3210-1PE27-5UL0 75A SIEMENS;1
1176945;OLEO LUBRIF GLYGOYLE 220 PAIL 20L MOBIL;2
1176946;OLEO LUBRIF SHC 632 DRUM 208,2L MOBIL;2
1177766;BROCA ACO RAPIDO 17,00MM;10
1178170;SOFT STARTER 210A 3RW5543-6HA14 SIEMENS;1
1178171;CORREIA TRAP LAAA-11710-001 SPA LW5000;2
1178173;CHAPA DE VEDACAO LAAA-11232-001 BUHLER;2
1178175;CHAPA DE VEDACAO LAAA-11091-001 BUHLER;2
1178178;CHAPA DE VEDACAO LAAA-11089-001 BUHLER;2
1178179;SOFT-STARTER 47A 3RW55241HA14 SIEMENS;2
1178190;VEDACAO PLANA LAAA-11231-001 BUHLER;2
1178191;ESFERA DE BORRACHA LAAA-10530-001 BUHLER;1.120
1178193;INTERRUPTOR DE PROX UXE-26310-193 BUHLER;2
1178195;MANCAL DE FLANGE UXN-54012-015 BUHLER;2
1178196;ROLAMENTO DE ESFERA UNN-56004-210 BUHLER;3
1178197;ROLAMENTO AUTOCOMP UXN-56010-116 BUHLER;2
1178198;ANEL DE FELTRO UNN-44001-020 BUHLER;6
1178199;CHAPA DE DESVIO OLCC-12710-001 BUHLER;6
1178207;CORREIA TRAP UXN-64019-480 SPB 16.3/13;20
1178208;SENSOR TEMPERATURA UXE-26579-001 BUHLER;2
1178209;VALVULA REGULADORA OLFB-10631-001 UL/CSA;1
1178210;PAREDE LATERAL OLCC-12706-001 BUHLER;6
1178211;LAMINA RASPADORA OLCC-12385-001 BUHLER;12
1178212;CORREIA DENTADA UNN-64019-530 BUHLER;3
1178213;PORCA OLCC-12347-001 BUHLER;6
1178214;PARAFUSO TENSOR OLCC-12569-001 BUHLER;8
1178216;INTERRUPTOR DE PROX UNE-26311-012 BUHLER;2
1178217;INTERRUPTOR DE PROX UXE-26331-004 BUHLER;2
1178218;SONDA DE TEMP UXE-26570-060 BUHLER;4
1178222;PRESSOSTATO OUV-12038-967         BUHLER;1
1178223;BLOCO DE COMANDO OUV-12058-952    BUHLER;1
1178224;MANOMETRO OUV-12058-953           BUHLER;1
1178225;PERFIL BORRACHA ESPONJOSA UNR-57744-355;15
1178226;TERMOMETRO DE RESISTENCIA DCHA-11362-001;1
1178227;PUXADOR HEXAGONAL UNN-30115-109 BUHLER;1
1178228;UNIDADE CILINDRO OLFB-11557-001   BUHLER;2
1178229;DISPOSITIVO RASPAGEM UNN-44029-034 BUHLE;2
1178240;PORCA TENSORA UNN-18034-023 BUHLER;6
1178241;ROLAMENTO DE ROLETE UNN-56011-023 BUHLER;6
1178242;ROLAMENTO DE ESFERA UNN-56001-282 BUHLER;2
1178243;DISCO DE FRICCAO OLCC-12577-001 BUHLER;2
1178244;VALVULA SOLENOIDE UXS-16039-050 BUHLER;2
1178245;INTERRUPTOR-LIMITE UNE-26200-255 BUHLER;1
1178246;PCI COM INDICADOR EKP-84441-810 BUHLER;2
1178247;INTERRUPTOR MAGNET UXE-26300-043 BUHLER;2
1178248;VALVULA SOLENOIDE UNS-16094-010 BUHLER;2
1178249;CONJUNTO DE REPARO UXS-16039-099 BUHLER;6
1178250;BLOCO DE COMANDO OLFB-10747-001 UL/CSA;1
1178251;BOMBA AXIAL OUV-12029-996         BUHLER;1
1178253;FILTRO DE RETORNO OUV-12058-948   BUHLER;1
1178254;BLOCO PADRAO OUV-12058-949        BUHLER;1
1178260;MEMBRANA PRINCIPAL MVRU-11854-001 BUHLER;14
1178261;MEMBRANA MVRU-11853-001 BUHLER;14
1178262;CONJ DE BATEDORES DFZC-10334-001 BUHLER;2
1178263;CHAPA PERFURADA D4 DFZC-50157-070 BUHLER;32
1178264;ROLAMENTO AUTOCOM UNN-56005-114 BUHLER;4
1178265;SENSOR DE VIBRACAO UXE-26709-012 BUHLER;2
1178266;SENSOR DE TEMP UXE-26551-021 BUHLER;2
1178267;MANCAL COM ROSCA DFMF-50100-020 BUHLER;2
1178268;SENSOR DE PROXIMIDADE UNE-26350-101 BUHL;2
1178269;SENSOR DE PROXIMIDADE UNE-26350-102 BUHL;2
1178270;RASPADOR SUPERIOR RWPR-10505-001 BUHLER;1
1178271;RASPADOR INF 228 RWPR-10504-001 BUHLER;1
1178272;PINO DE CISALHA RWPR-10428-001 BUHLER;10
1178273;ROLAMENTO DE ROLOS UXN-56019-131 BUHLER;1
1178274;ANEL DE SUPORTE RWPR-10037-010 BUHLER;1
1178275;RASPADOR RWPR-10523-001 BUHLER;1
1178276;CHAPA DE DESVIO RWPR-80042-810 BUHLER;1
1178277;EIXO EXCENTRICO RWPR-10541-001 BUHLER;2
1178278;TAMPA DO MANCAL RWPR-40000-010 BUHLER;4
1178279;CHAVETA PARALELA RWPR-50005-010 BUHLER;2
1178280;VEDACAO HASTE UNN-44058-139       BUHLER;2
1178281;VEDACAO HASTE UNN-44058-077       BUHLER;2
1178282;ANEL GUIA UNN-44033-382           BUHLER;4
1178283;ANEL RASPADOR UXN-44004-405       BUHLER;10
1178284;DISPOSITIVO RASPAGEM UNN-44029-430 BUHLE;2
1178285;VEDACAO HASTE UNN-44058-121       BUHLER;2
1178286;VEDACAO HASTE UNN-44058-070       BUHLER;10
1178287;ANEL GUIA UNN-44033-367           BUHLER;4
1178288;ANEL TORICO UNN-44020-270         BUHLER;2
1178289;CORREIA TRAPEZIONAL DUPLA UXN-64013-056;2
1178290;CHAVETA PARALELA RWPR-50004-010 BUHLER;2
1178291;ANEL ESPACADOR RWPR-10480-001 BUHLER;2
1178292;ROLAMENTO DE ROLETE UNN-56010-021 BUHLER;6
1178293;ANEL ESPACADOR RWPR-10481-001 BUHLER;2
1178294;PORCA DE EIXO RWPR-50009-010 BUHLER;2
1178295;ANEL DE VEDACAO RWPR-84017-810 BUHLER;4
1178296;ANEL DE RETENCAO UNN-14028-148 BUHLER;4
1178297;PORTA LAMINA RWPR-10502-001 BUHLER;2
1178298;CORREIA TRAPEZOIDAL UXN-64019-604 BUHLER;21
1178299;CHAPA DE DESVIO OLFB-11919-001 BUHLER;3
1178300;CHAPA DE DESVIO OLFB-11916-001 BUHLER;3
1178301;CONJ DE LAMINAS OLFB-11844-001 BUHLER;16
1178302;PA DE MISTURA DOQB-84002-820 BUHLER;46
1178303;PA DE MISTURA ALIM DOQB-84030-810 BUHLER;2
1178304;ROLAMENTO DE ROLOS UVN-56010-062 BUHLER;4
1178305;ANEL EM V UNN-44031-022 BUHLER;4
1178306;ARRUELA DE TRAVA UNN-14023-031 BUHLER;4
1178307;PORCA DE EIXO KM-36 UNN-12026-031 BUHLER;4
1178308;VARAO ROSCADO BCFA-40036-010 BUHLER;1
1178320;CHAPA BCFA-50064-010 BUHLER;1
1178321;INDICADOR DE POS UNN-3006-116 BUHLER;1
1178322;PINO ELASTICO UNN-18000-045 BUHLER;1
1178330;ABRACADEIRA NYLON 151X3,7MM VERM FRONTEC;335
1178547;ANEL DE BLOQUEIO FRB 13/230          SKF;2
1178553;ANEL DE BLOQUEIO FRB 15/250          SKF;3
1178559;BUCHA DE FIXACAO H 3126              SKF;2
1178562;BUCHA DE FIXACAO H 3128 SKF;2
1179880;LACRE CAIXA DE METAL CADEADO 30CM;6.000
1180083;CABO COBRE SUPERASTIC FLEX 1MM PT 750V;568
1180084;CABO COBRE SUPERASTIC FLEX 1MM AZ 750V;582
1180085;CABO COBRE SUPERASTIC FLEX 1MM BR 750V;570
1180086;CABO COBRE SUPERAST FLEX 2,5MM 750V VERM;300
1180087;CABO COBRE SUPERAS FLEX 2,5MM 750V VE/AM;287
1180088;CABO COBRE SUPERASTIC FLEX 2,5MM 750V AM;300
1180248;SELO MECANICO 65MM RCXC1-11C4VS4-6;1
1180310;CABO COBRE SUPERAS FLEX 2,5MM 750V AZ;293
1180312;CABO COBRE SUPERAS FLEX 2,5MM 750V BR;300
1180317;CABO COBRE SUPERAS FLEX 4MM 750V PRETO;248
1180318;CABO COBRE SUPERAS FLEX 4MM 750V VERM;300
1180319;CABO COBRE SUPERAST FLEX 4MM 750V VE/AM;296
1180320;CABO COBRE SUPERASTIC FLEX 6MM 750V PT;385
1180321;CABO COBRE SUPERASTIC FLEX 6MM 750V AZ;400
1180322;CABO COBRE SUPERASTIC FLEX 6MM 750V VM;400
1180323;CABO COBRE SUPERAST FLEX 6MM 750V VE/AM;390
1180324;CABO COBRE CORDPLAST 2X1MM 500V PRETO;290
1180325;CABO COBRE CORDPLAST 3X1MM 500V PRETO;904
1180326;CABO COBRE SINTENAX FLEX 3X1MM 500V BPA;1.760
1180329;CABO COBRE G7 SUPER EASY 3X2,5MM 1KV;53
1180331;CABO COBRE G7 SUPER EASY 4X2,5MM 1KV;71
1180332;CABO COBRE G7 SUPER EASY 4X4MM 1KV;200
1180334;CABO COBRE G7 SUPER EASY 4X6MM 1KV;1.000
1180336;CABO COBRE G7 SUPER EASY 4X10MM 1KV;350
1180387;SELO MECANICO 55MM RCXC1-11C4VS4-6;4
1180389;SELO MECANICO 45MM RCXC1-11C4VS4-6;2
1180426;SELO MECANICO 55MM RCXC1-11A4VS4-6;1
1180428;SELO MECANICO 35MM RCXC1-11C4VS4-6;1
1180430;SELO MECANICO 80MM RCXC1-11C4VS4-6;2
1180432;SELO MECANICO 35MM RCXC1-11A4VS4-6;2
1180434;SELO MECANICO 35MM RCXC1-11S4VS4-6;1
1180435;SELO MECANICO 45MM RCXC1-11S4VS4-6;2
1180676;PARAFUSO ALLEN CABECA CILINDRICA 8X50MM;94
1180869;MODULO COMUNICACAO 3RW5980-0CS0 SIEMENS;5
1180891;"ADAPTADOR SOQU FEM 3/4"" MACH 1/2"" COBRE-";1
1180918;TRANSCEPTOR MULTIMODO 6GK5991-1AD00-8AA0;2
1181148;"CHAVE ESTR DE BATER 1.1/4"" COBRE-BERILIO";1
1181167;CHAVE FIXA BATER 46MMX240MM COBRE-BERILI;1
1181169;CHAVE FIXA BATER 65MMX335MM COBRE-BERILI;1
1181174;"CHAVE FIXA DE BATER 15/16""X150MM COBRE-B";1
1181179;CHAVE FIXA BATER 30MMX180MM COBRE-BERILI;1
1181200;CHAVE FIXA BATER 32MMX189MM COBRE-BERILI;1
1181211;"CHAVE FIXA BATER 3/4""X125MM COBRE-BERILI";1
1181212;CHAVE FIXA BATER 75MMx375MM COBRE-BERILI;1
1181223;SOQUETE 3/4'' ENC 1/2'' COBRE-BERILIO;1
1181493;ESPUMA HIGIENIZACAO P/ AR CONDICONADO;5
1181494;BACTERICIDA AROMATIZADOR AR CONDICIONADO;1
1181495;CERDA DE ACO P/ VASSOURA BOBCAT 6989019N;26
1181498;CERDA PRETA P/ VASSOURA BOBCAT 6652802N;44
1181620;CONECTOR 2P 0,2A4,0MM 32A-221-2411  WAGO;21
1181621;ACOPLAMENTO 3P+T+N 63A 380V 6H VM IP-67;5
1181755;"CHAVE FIXA DE BATER 11/16""X125MM COBRE-B";1
1181770;"LIMA 12"" COBRE-BERILIO";1
1182241;MANGA FILTRANTE POLI. 500G/M2 145X2000MM;60
1182481;CHAVE DE VALVULA CV1000X1 ALFA OMEGA;2
1182571;BALDE INOX 15L C/ GRADUACAO;10
1183199;MOTOBOMBA TRIFA 380V BHSE650-12    EBARA;1
1183276;MARTELO PENA CB/FIBRA 500G 40730207 TRAM;6
1183284;BROCA P/CONCRETO PT MD 16.00X152MM IW990;2
1183305;BROCA P/CONCRETO PT MD 14.00X152MM IW989;2
1183380;"BROCA ACO RAPIDO HSS A-100 3/4"" DORMER";4
1183418;CAPA PVC A3 PRETO FOSCA TIPO COURO;7
1183515;ELETRODO DE PLASMA 6849060105     VONDER;24
1183609;"ADAPTADOR ELET 3""X1"" 25MM 126881 DUTOTEC";2
1183667;TELA SOLDADA GALV 15X15 FIO 1MM 1,00x30M;1
1183682;TAMPA CANALETA RANHUR  DT1504000 103543;3
1183685;CAIXA DERIVACAO TIPO E DT5264000 125351;2
1183692;CURVA VERT 90° 25 ABS BR 107794 DUTOTEC;3
1183720;TOMADA BR 2P+T 10A 250V DX9923310 128608;10
1183721;TOMADA VM 2P+T 10A 250V DX9923110 129615;5
1183737;INVERSOR 6SL3210-1PE18-0UL1 5,9A SIEMENS;1
1183758;INVERSOR 6SL3210-1PE21-8UL0 13,2A SIEMEN;1
1183759;INVERSOR 26A 6SL3210-1PE23-3UL0 SIEMENS;1
1183784;INVERSOR 205A 6SL3210-1PE32-5UL0 SIEMENS;1
1183785;INVERSOR 570A 6SL3310-1GE37-5AA3 SIEMENS;1
1183800;FUSIVEL NH1 200A 500V 3NA3140    SIEMENS;6
1183802;FUSIVEL NH2 315A 500V 3NA3252    SIEMENS;6
1183803;FUSIVEL NH3 630A 500V 3NA3372    SIEMENS;3
1183804;FUSIVEL NH000 10A 500V 3NA3803   SIEMENS;6
1184152;FUSIVEL NH000 63A 500V 3NA3822 SIEMENS;3
1184153;FUSIVEL NH000 100A 500V 3NA3830 SIEMENS;3
1184154;FUSIVEL NH000 125A 400V 3NA3832 SIEMENS;3
1184156;FUSIVEL NH3 850A 690V 3NE1448-2 SIEMENS;3
1184157;CONTATOR AUX 24VCC 3RH2131-2BB40 SIEMENS;2
1184163;FUSIVEL NH000 32A 500V 3NA3812 SIEMENS;3
1184164;FUSIVEL NH000 50A 500V 3NA3820 SIEMENS;6
1184258;SINALEIRO MONOBLOCO 24V 3SB72137AA201AA0;10
1184510;JUNTA QUIMFLEX PTFE 10X3MMX15M 24BTEADIT;1
1184513;JUNTA QUIMFLEX PTFE 12X4MMX10M 24B TEADI;2
1185102;REFLETOR LED 50W 5000K 7016876 LEDVANCE;10
1185103;FONTE DE ALIMENTACAO VAN-115/230AC-K16;2
1185104;GATEWAY DE INTERFACE AS   VBG-EP1-KE5-D;2
1185208;UNIDADE DE CONTROLE 6SL3244-0BB12-1FA0;2
1185270;KIT REPARO AWE-300-TTYT-M NETZSCH;1
1185271;KIT REPARO SECO AAK-300-A NETZSCH;1
1185334;CPU S7-1500 6ES7517-3AP00-0AB0 SIEMENS;1
1185367;MODULO COMUN 6GK7545-1GX00-0XE0 SIEMENS;1
1185437;SIMOCODE PRO V PN GP 3UF7011-1AB00-2;5
1185452;MODULO MEDICAO CORRENTE 3UF7110-1AA01-0;1
1185511;MODULO MEDICAO CORRENTE 3UF7101-1AA00-0;5
1185513;MODULO MEDICAO CORRENTE 3UF7-102-1AA00-0;3
1185515;CABO SIMOCODE 3UF7932-0AA00-0 SIEMENS;5
1185519;SOFT STARTER 1100A 3RW5556-6HA14 SIEMENS;1
1185525;TINTA AZUL HB S/B RAL 5015 CP.A 1855110;5
1185532;SOFT STARTER 370A 3RW5546-6HA14 SIEMENS;1
1185533;KIT MONTAGEM IP65 3RW5980-0HD00 SIEMENS;3
1185536;SOFT STARTER 93A 3RW5527-1HA14 SIEMENS;2
1185538;DISJUNTOR MOTOR 10,0-16,0A 3RV2011-4AA10;2
1185747;ACIONAMENTO ROTATIVO 3RV2926-1K SIEMENS;2
1185748;CONTATO LATERAL 1NA/NF3RV2901-2A SIEMENS;5
1185750;DESINFETANTE CLEAN BY PEROXY SPARTAN 5L;10
1185751;SABONETE LIQUIDO DEGERMANTE G55215L 5L;1
1185768;SINALEIRO MONO 24V VERD 3SB72136AA401AA0;8
1185780;SINALEIRO MONO 24V AMAR 3SB72136AA301AA0;8
1185786;RELE IMPULSO BIPOLAR 20A 5TT5800-0 SIEME;10
1185787;REATOR SAIDA TRIF 18,5A 6SL32020AE218CA0;1
1185788;REATOR SAIDA 6,1A 6SL32020AE161CA0;2
1185861;MACACAO SEG MICROCHEM 4000 CA 39120;8
1185872;PAINEL OPERACAO 6SL3055-0AA00-4BA0;1
1185873;UNIDADE DE CONTROLE 6SL3040-1MA01-0AA0;1
1185874;TRANSFORMADOR POTENCIAL 4AM4380-0AK20-0N;2
1185876;FONTE SITOP 40A 6EP3337-8SB00-0AY0;2
1185877;FONTE SITOP 10A 6EP3334-8SB00-0AY0;1
1185878;FONTE SITOP 5A 6EP3333-8SB00-0AY0;2
1186294;ANEL DE BLOQUEIO FRB 10/120 SKF;1
1186300;ANEL DE BLOQUEIO FRB 10/280 SKF;1
1186302;ANEL DE BLOQUEIO FRB 10/320 SKF;2
1186320;ANEL DE BLOQUEIO FRB 12,5/130;1
1186348;BUCHA DE FIXACAO HE 315 SKF;1
1186349;BUCHA FIXACAO OH 3144 H SKF;1
1186351;ANEL DE BLOQUEIO FRB 12,5/150 SKF;2
1186352;ANEL DE BLOQUEIO FRB 13,5/200 SKF;2
1186353;ANEL DE BLOQUEIO FRB 16,5/270 SKF;1
1186354;BUCHA DE FIXACAO H 313 SKF;1
1186356;BUCHA DE FIXACAO H 3134 SKF;1
1186357;BUCHA DE FIXACAO H 3138 SKF;2
1186359;BUCHA DE FIXACAO H 317/VU800 SKF;2
1186368;VEDACAO TS 34 150PU  SKF;1
1186381;BUCHA DE FIXACAO OH 3152 H SKF;1
1186382;MANCAL SNL 3134 SKF;1
1186384;MANCAL SNL 3140 SKF;1
1186385;MANCAL SNL 3144 SKF;1
1186387;MANCAL SNL 3152 SKF;1
1186388;MANCAL SNL 513-611 SKF;1
1186389;MANCAL SNL 530 SKF;1
1186400;MANCAL SNL 515-612 SKF;2
1186401;MANCAL SNL 517 VU SKF;4
1186402;MANCAL SNL 522-619 VU SKF;6
1186403;MANCAL SNL 526 VU SKF;4
1186404;MANCAL SNL 528 VU SKF;3
1186405;ROLAMENTO 22213 EK SKF;1
1186406;ROLAMENTO 22215 EK SKF;2
1186407;ROLAMENTO 22217 EK SKF;4
1186408;ROLAMENTO 22228 CCK/W33 SKF;3
1186409;ROLAMENTO 22230 CCK/W33 SKF;1
1186410;ROLAMENTO 23134 CCK/W33 SKF;1
1186411;ROLAMENTO 23138 CCK/W33 SKF;2
1186412;ROLAMENTO 23140 CCK/W33 SKF;1
1186413;ROLAMENTO 23144 CCK/W33 SKF;1
1186414;ROLAMENTO 23148 CCK/W33 SKF;2
1186415;ROLAMENTO 23152 CCK/W33 SKF;1
1186416;ROLAMENTO 22222 EK SKF;4
1186417;ROLAMENTO 22226 EK SKF;4
1186440;VEDACAO TS 38 170PU SKF;1
1186442;VEDACAO TS 40 180PU SKF;1
1186443;VEDACAO TSN 513 L SKF;1
1186444;VEDACAO TSN 515 A SKF;1
1186445;VEDACAO TSN 517 L VU SKF;2
1186446;VEDACAO TSN 522 L VU SKF;4
1186447;VEDACAO TSN 526 L VU SKF;2
1186448;VEDACAO TSN 528 L VU SKF;2
1186449;VEDACAO TSN 530 L VU SKF;1
1186463;MANCAL C/ ROLAMENTO FYTBK 30 TR SKF;10
1186465;MANCAL C/ ROLAMENTO SY50TF SKF;1
1186466;MANCAL C/ ROLAMENTO SY60TF SKF;1
1186470;MANCAL C/ ROLAMENTO SYJ50TF SKF;1
1186471;MANCAL C/ ROLAMENTO SYJ60TF SKF;1
1186472;MANCAL C/ ROLAMENTO SYJ70TF SKF;1
1186626;"JUNTA METALFLEX 913/304 8"" 150LBS TEADIT";16
1186629;"JUNTA METALFLEX 913M/304 6"" 300LBS TEADI";13
1186643;"JUNTA 913M/304 METALFLEX 3/4"" 300LBS";12
1186645;"JUNTA 913M/304 METALFLEX 10"" 150LBS TEAD";10
1186650;"JUNTA 913M/304 METALFLEX 4"" 300LBS TEADI";24
1186660;"JUNTA 913M/304 METALFLEX 4"" 150LBS TEADI";10
1186662;"JUNTA 913M/304 METALFLEX 2"" 150LBS TEADI";18
1186663;"JUNTA 913M/304 METALFLEX 2.1/2"" 150LBS";18
1186665;"JUNTA 913M/304 METALFLEX 12"" 150LBS TEAD";10
1186666;"JUNTA 913M/304 METALFLEX 3"" 150LBS TEADI";22
1186667;"JUNTA 913M/304 METALFLEX 1"" 150LBS TEADI";14
1186668;"JUNTA 913M/304 METALFLEX 6"" 150LBS TEADI";10
1186676;"JUNTA 913/304 METALFLEX 2"" 300LBS TEADIT";10
1186677;"JUNTA 913/304 METALFLEX 1"" 300LBS TEADIT";10
1186678;"JUNTA 913/304 METALFLEX 3"" 300LBS TEADIT";20
1186771;DETERGENTE 5L DA-17 SPARTAN;4
1187007;ANEL DE BLOQUEIO FRB 17/290 SKF;1
1187022;MANCAL SNL 532;1
1187025;ROLAMENTO 22232 CCK/W33;1
1187027;VEDACAO TSN 532 L SKF;1
1187137;"ADAPTADOR IMPACTO 1/2""X3/4"" 44899101";2
1187139;BROCA ANULAR 18X30MM 5310018030 VONDER;2
1187143;BROCA ANULAR 28X30MM 5310028030 VONDER;2
1187144;BROCA ANULAR 32X30MM 5310032030 VONDER;2
1187145;BROCA ANULAR 48X30MM 5310048030 VONDER;2
1187147;BROCA ANULAR 40X30MM 5310040030 VONDER;2
1187148;BROCA ANULAR 50X30MM 5310050030 VONDER;2
1187149;BROCA HP ACO RAPIDO 16MM A00216.0 DORMER;6
1187160;BROCA ANULAR 24X30MM 5310024030 VONDER;2
1187171;BROCA ACO RAPIDO HSS 25MM A10025.0 DORME;2
1187172;"BROCA ACO RAPIDO HSS 7/8"" A1007.8 DORMER";2
1187173;BROCA ANULAR 42X30MM 5310042030 VONDER;2
1187241;CORREIA EM V SPB3070 METRIC;6
1187242;CORREIA EM V XPB-2580 METRIC;3
1187243;CORREIA EM V XPB-2120 METRIC;4
1187248;"RODO ALUM 50CM CABO 1""X1MMX1,40M MAN PT";6
1187304;ELEMENTO OMEGA IMP ES2-RM REGAL REXNORD;1
1187305;ELEMENTO OMEGA IMP ES3-RM REGAL REXNORD;1
1187306;ELEMENTO OMEGA IMP ES4-RM REGAL REXNORD;4
1187307;ELEMENTO OMEGA IMP ES5-RM REGAL REXNORD;2
1187308;ELEMENTO OMEGA IMP ES10-RM REGAL REXNORD;2
1187309;ELEMENTO OMEGA IMP ES-20M REGAL REXNORD;1
1187312;PARAFUSO SEXT 8.8 ZINCADO M8X50 RI;86
1187314;PARAFUSO SEXT 8.8 ZINCADO M10X50 RI;80
1187315;PARAFUSO SEXT 8.8 ZINCADO M12X50 RI;52
1187316;PARAFUSO SEXT 8.8 ZINCADO M16X75 RI;100
1187317;PARAFUSO SEXT 8.8 ZINCADO M18X75 RI;94
1187319;PARAFUSO SEXT 8.8 ZINCADO M22X75 RI;100
1187330;PORCA SEXTAVADA M6 ZINCADO;185
1187331;PORCA SEXTAVADA M8 ZINCADO;134
1187332;PORCA SEXTAVADA M10 ZINCADO;152
1187333;PORCA SEXTAVADA M12 ZINCADO;62
1187334;PORCA SEXTAVADA M16 ZINCADO;198
1187336;PORCA SEXTAVADA M18 ZINCADO;200
1187337;PORCA SEXTAVADA M22 ZINCADO;200
1187340;ELEMENTO OMEGA IMP ES30-M REGAL REXNORD;1
1187341;ELEMENTO OMEGA IMP ES60-M REGAL REXNORD;2
1187342;KIT PARAFUSO OMEGA ES2M REXNORD;1
1187343;KIT PARAFUSO OMEGA ES3M REXNORD;1
1187344;KIT PARAFUSO OMEGA ES4M REXNORD;2
1187345;KIT PARAFUSO OMEGA ES5M REXNORD;1
1187346;KIT PARAFUSO OMEGA ES10M REXNORD;3
1187347;KIT PARAFUSO OMEGA ES20M REXNORD;1
1187348;KIT PARAFUSO OMEGA ES30M REXNORD;1
1187349;KIT PARAFUSO OMEGA ES60M REXNORD;1
1187358;BARRA ROSCADA 6MMX1MT ZINCADA;14
1187359;BARRA ROSCADA 8MMX1MT ZINCADA;8
1187370;BARRA ROSCADA 10MMX1MT ZINCADA;15
1187371;BARRA ROSCADA 12MMX1MT ZINCADA;14
1187372;BARRA ROSCADA 16MMX1MT ZINCADA;14
1187373;BARRA ROSCADA 18MMX1MT ZINCADA;15
1187374;BARRA ROSCADA 22MMX1MT ZINCADA;15
1187380;CUBO OMEGA ES2M-RM REXNORD;2
1187381;CUBO OMEGA ES3M-RM REXNORD;2
1187382;CUBO OMEGA ES4M-RM REXNORD;2
1187383;CUBO OMEGA ES5M-RM REXNORD;2
1187384;CUBO OMEGA ES10M-RM REXNORD;2
1187385;CUBO OMEGA ES20M REXNORD;2
1187386;CUBO OMEGA ES030M REXNORD;2
1187387;CUBO OMEGA IMP ES60M REXNORD;2
1187428;PARAFUSO SEXTAVADO ZINCADO 1/4X2 RI;82
1187440;PARAFUSO SEXTAVADO ZINCADO 3/8X2 RI;60
1187441;PARAFUSO SEXTAVADO ZINCADO 1/2X2 RI;96
1187442;PARAFUSO SEXTAVADO ZINCADO 5/8X2 RI;80
1187443;PARAFUSO SEXTAVADO ZINCADO 3/4X3 RI;100
1187444;PARAFUSO SEXTAVADO ZINCADO 7/8X3 RI;100
1187446;PORCA SEXTAVADA ZINCADO 1/4;82
1187447;PORCA SEXTAVADA ZINCADO 1/2;96
1187448;PORCA SEXTAVADA ZINCADO 5/8;80
1187449;PORCA SEXTAVADA ZINCADO 3/4;100
1187450;PORCA SEXTAVADA ZINCADO 7/8;100
1187451;"PORCA SEXTAVADA ZINCADO 1""";100
1187499;SENSOR INDUTIVO IG511A IFM;30
1187500;SENSOR INDUTIVO IG510A IFM;20
1187515;PORCA SEXTAVADA ZINCADO 3/8;24
1187521;PLACA PTFE SH 2MM 1500MMX1500MM TEADIT;1
1187526;PLACA PTFE SH 3MM 1500MMX1500MM TEADIT;2
1187563;LAMINA SERRA FITA 27X0,9MMX3-4 C/4,46MT;15,380
1187567;OLEO SOLUVEL SEMI SINT 5L ME-I TAPMATIC;6
1187701;"JUNTA CORT PL100 1,5MM 1/2"" 150LBS TEADI";10
1187706;"JUNTA CORT PL100 1,5MM 3/4"" 150LB TEADIT";9
1187709;"JUNTA CORT PL100 1,5MM 1"" 150LBS TEADIT";9
1187711;"JUNTA CORT PL100 1,5MM 1.1/2"" 150LBS";7
1187713;"JUNTA CORT PL100 2MM 2"" 150LBS TEADIT";8
1187715;"JUNTA CORT PL100 2MM 2.1/2"" 150LBS TEADI";10
1187717;"JUNTA CORT PL100 2MM 3"" 150LBS TEADIT";10
1187718;"JUNTA CORT PL100 2MM 3.1/2"" 150LBS TEADI";10
1187719;"JUNTA CORT PL100 2MM 4"" 150LBS TEADIT";10
1187730;"JUNTA CORT PL100 2MM 5"" 150LBS TEADIT";10
1187731;"JUNTA CORT PL100 2MM 6"" 150LBS TEADIT";9
1187732;"JUNTA CORT PL100 2MM 8"" 150LBS TEADIT";10
1187733;"JUNTA CORT PL100 3MM 2"" 150LBS TEADIT";10
1187734;"JUNTA CORT PL100 3MM 2.1/2"" 150LBS TEADI";9
1187735;"JUNTA CORT PL100 3MM 3"" 150LBS TEADIT";7
1187736;JUNTA CORT PL100 3MM 162,1X101,6 150LBS;2
1187737;"JUNTA CORT PL100 3MM 4"" 150LBS TEADIT";8
1187738;"JUNTA CORT PL100 3MM 5"" 150LBS TEADIT";10
1187739;"JUNTA CORT PL100 3MM 6"" 150LBS TEADIT";9
1187750;"JUNTA CORT PL100 3MM 8"" 150LBS TEADIT";10
1187751;"JUNTA CORT PL100 3MM 10"" 150LBS TEADIT";10
1187891;PLACA FLUXO T10M H 316 0.5MM 4F;5
1187895;PLACA TL10P H T316 0.6MM S/F;1
1187896;PLACA L TL10P T316 0.5MM 4F;5
1187899;PLACA FLUXO T6B H 316 0.5MM 4H;5
1187900;PLACA FLUXO T6B L 316 0.5MM 4H;5
1187902;PLACA FLUXO T10M L 316 0.5MM 4F;3
1187903;PLACA TL6B L 316 0.5MM SG 4F;5
1187904;PLACA TL6B H 316 0.5MM SG 4F;5
1187905;PLACA TL6B H T316 0.6MM S/F;1
1187908;PLACA TS20M H T316 0.6MM 0F;1
1187909;PLACA M10M H 316 0.6MM SG 4F;5
1187910;PLACA M10M H 316 0.6MM 0F;1
1187913;ANEL TRANSICAO M10M NBR;2
1187914;COLARINHO PLACA TRANSICAO INOX 10MM;2
1187915;ANEL TRANSICAO TL10P NBRP;1
1188440;"JUNTA 913M/316 GRAFLEX/ 6"" 150LBS TEAD";4
1188543;MISTURADOR ESTATICO MEH 25/6;1
1188548;"PAQUIMETRO 200MM/8"" 0,02MM 530118 MITUTO";1
1188642;"JUNTA 913M/316 GRAFLEX/AC 4""150LBS TEADI";5
1188712;PARAFUSO SEXTAVADO 8.8 M12 1,75X100MA;80
1188778;TELA ONDULADA INOX FIO 3MM AB 15MM;9
1189029;PARAFUSO SEXT ACO 8.8 ZB M12 1,75X130MA;100
1189080;PORCA SEXTAVADA ZB M12 1,75MA;200
1189112;FITA ADESIVA BORR ESPONJ 1/2X1.1/4”X10MT;1.000
1189194;RETENTOR AS 35X52X7MM;11
1189289;"PAQUIMETRO 300MM/12"" 0,05MM 530115 MITUT";1
1189511;ROLAMENTO 24128 CC/W33;3
1189512;ROLAMENTO UC 216 V22;3
1189513;ROLAMENTO 22220 E;3
1189514;RETENTOR 150X180X15 HMS5 RG;3
1189611;BICO CORTE P/TOCHA TPV 66 6849060103;9
1189612;BOCAL PROT P/TOCHA TPV 66 6849060102;3
1189613;ANEL DIFUSOR P/TOCHA TPV 66 6849060104;9
1189614;ESPACADOR P/TOCHA TPV 66 6849060101;4
1189615;CORPO TOCHA TPV 66 6849060107 VONDER;1
1189616;TOCHA PLASMA TPV 66 4M 6848060040 VONDER;1
1190118;ELEMENTO OMEGA E-10M REGAL REXNORD;1
1190119;ELEMENTO OMEGA E-40M REGAL REXNORD;1
1190127;REBOLO COPO RCR UOV-12037-937 BUHLER;15
1190128;REBOLO COPO RCR 152 UOV-12043-819 BUHLER;15
1190142;ELEMENTO OMEGA E-70M REGAL REXNORD;1
1190166;CUBO OMEGA ES-70M REGAL REXNORD;2
1190167;KIT PARAFUSO OMEGA ES-70M REGAL REXNORD;1
1190447;"JG SOQUETE MAG 1/2""A 1/4""5PCS 3039500000";2
1190449;JG ADAPTADOR SOQ 3PCS 3599000303 VONDER;2
1190557;REGUA MEDICAO COM VALVULA 5MT;1
1190561;MANGA PES 450GR 300X400MM BOCAL BAINHA;6
1190566;MANGA RETANGULAR PES 450GR 300X800X400MM;6
1190618;RETENTOR 70X100X10MM 00866 BR SABO;6
1190621;RETENTOR 50X68X9MM BRG 02108 SABO;8
1190622;RETENTOR 60X75,05X8MM BR 00501 SABO;8
1190857;"VALVULA GLOBO C/FLANGE AC 2"" 150LBS";1
1190973;PERFIL BORRAC ESPONJ 25X25 UNR-57744-029;15,400
1190977;FILTRO MANGA 160X3500MM M0384543 SAUR;40
1191093;TELA ACO INOX M7 FIO 0,71 AB 2,92MM;10
1191095;TELA ACO INOX M8 FIO 0,81 AB 2,36MM;10
1191392;BATERIA 12V 105AH 11915874 VOLVO;1
1191409;CORPO ESPIRAL BLOCO 100-065-315 CL30 KSB;1
;;598,000
;;40
;;6
;;1.799,500
;;10
;;69.207,280
